Date,Name,Year,Letterboxd URI
2023-08-31,Interstellar,2014,https://boxd.it/4VZ8
2023-08-31,Little Women,2019,https://boxd.it/aSVk
2023-08-31,The Grand Budapest Hotel,2014,https://boxd.it/3ZqO
2023-08-31,Inception,2010,https://boxd.it/1skk
2023-08-31,GoodFellas,1990,https://boxd.it/29FA
2023-08-31,Black Swan,2010,https://boxd.it/Sw0
2023-08-31,The Empire Strikes Back,1980,https://boxd.it/27Vw
2023-08-31,2001: A Space Odyssey,1968,https://boxd.it/2bf0
2023-08-31,Blade Runner,1982,https://boxd.it/2bcA
2023-08-31,Amélie,2001,https://boxd.it/2aUc
2023-08-31,Se7en,1995,https://boxd.it/29zs
2023-08-31,The Thing,1982,https://boxd.it/294O
2023-08-31,The Silence of the Lambs,1991,https://boxd.it/2aHW
2023-08-31,The Social Network,2010,https://boxd.it/17ue
2023-08-31,The Matrix,1999,https://boxd.it/2a1m
2023-08-31,Perfect Blue,1997,https://boxd.it/1W7A
2023-08-31,No Country for Old Men,2007,https://boxd.it/21ew
2023-08-31,Apocalypse Now,1979,https://boxd.it/6ZS
2023-08-31,Oppenheimer,2023,https://boxd.it/wUow
2023-08-31,"The Good, the Bad and the Ugly",1966,https://boxd.it/2ape
2023-08-31,Akira,1988,https://boxd.it/2b1i
2023-08-31,One Flew Over the Cuckoo's Nest,1975,https://boxd.it/2aeA
2025-02-20,The Lighthouse,2019,https://boxd.it/icFU
2025-02-21,Arrival,2016,https://boxd.it/aNGk
2025-02-22,Brainstorm,2000,https://boxd.it/vlo
2025-02-22,The Man from the Future,2011,https://boxd.it/2vkO
2025-02-22,Rope,1948,https://boxd.it/28yo
2025-02-22,Primer,2004,https://boxd.it/6YA
2025-02-22,Adaptation.,2002,https://boxd.it/26mA
2025-02-22,Mallrats,1995,https://boxd.it/26ZW
2025-02-22,O Ódio,2021,https://boxd.it/wAcA
2025-02-22,The Purple Rose of Cairo,1985,https://boxd.it/1VeU
2025-02-22,Redline,2009,https://boxd.it/2pQ0
2025-02-22,Take the Lead,2006,https://boxd.it/1Ri4
2025-02-22,Miss March,2009,https://boxd.it/1EVM
2025-02-22,12 Angry Men,1957,https://boxd.it/2auI
2025-02-22,Submarine,2010,https://boxd.it/H4a
2025-02-22,A Bronx Tale,1993,https://boxd.it/28uQ
2025-02-22,The Search for One-eye Jimmy,1994,https://boxd.it/2g0O
2025-02-22,Big Fish,2003,https://boxd.it/2a3M
2025-02-22,Burn After Reading,2008,https://boxd.it/23BW
2025-02-22,The Family,2013,https://boxd.it/3LkW
2025-02-22,Guess Who,2005,https://boxd.it/1Tmi
2025-02-22,"Dude, Where's My Car?",2000,https://boxd.it/1ZJi
2025-02-22,Guess Who's Coming to Dinner,1967,https://boxd.it/27Xi
2025-02-22,Memento,2000,https://boxd.it/2bcK
2025-02-22,Sorry to Bother You,2018,https://boxd.it/f21E
2025-02-22,Kiss Kiss Bang Bang,2005,https://boxd.it/23c8
2025-02-22,Boyhood,2014,https://boxd.it/3178
2025-02-22,Lord of War,2005,https://boxd.it/284y
2025-02-22,Monkey Man,2024,https://boxd.it/kvsO
2025-02-22,Boy Kills World,2023,https://boxd.it/xhG4
2025-12-09,Last Night in Soho,2021,https://boxd.it/lbJC
2025-12-09,Four Rooms,1995,https://boxd.it/73g
2025-12-09,Sleeping Dogs,1977,https://boxd.it/180u
2025-12-09,In the Mouth of Madness,1994,https://boxd.it/26vi
2025-12-09,Isle of Dogs,2018,https://boxd.it/dZrW
2025-12-09,The Last Temptation of Christ,1988,https://boxd.it/1ULe
2025-12-09,Sister Act,1992,https://boxd.it/27EA
2025-12-09,Bugsy,1991,https://boxd.it/1WvC
2025-12-09,Raging Bull,1980,https://boxd.it/28yI
2025-12-09,After Hours,1985,https://boxd.it/1VfS
2025-12-09,Killers of the Flower Moon,2023,https://boxd.it/gHp0
2025-12-09,The King of Comedy,1982,https://boxd.it/2aJS
2025-12-09,The Departed,2006,https://boxd.it/28MA
2025-12-09,Casino,1995,https://boxd.it/2ads
2025-12-09,The Shawshank Redemption,1994,https://boxd.it/2aHi
2025-12-09,The Stand,1994,https://boxd.it/1PZU
2025-12-09,Apt Pupil,1998,https://boxd.it/1YFa
2025-12-09,No Smoking,2007,https://boxd.it/1b5W
2025-12-09,11.22.63,2016,https://boxd.it/bFV4
2025-12-09,Cujo,1983,https://boxd.it/1W8o
2025-12-09,The Usual Suspects,1995,https://boxd.it/29XE
2025-12-09,Secret Window,2004,https://boxd.it/28xq
2025-12-09,Christine,1983,https://boxd.it/1ZRQ
2025-12-09,It,1990,https://boxd.it/26tG
2025-12-09,1408,2007,https://boxd.it/25Vu
2025-12-09,The Fly,1986,https://boxd.it/1YIe
2025-12-09,Videodrome,1983,https://boxd.it/29uC
2025-12-09,A History of Violence,2005,https://boxd.it/2bfa
2025-12-09,Gerald's Game,2017,https://boxd.it/buKa
2025-12-09,The Life of Chuck,2024,https://boxd.it/vMTu
2025-12-09,What Dreams May Come,1998,https://boxd.it/1SoM
2025-12-09,The Mist,2007,https://boxd.it/22r2
2025-12-09,Good Will Hunting,1997,https://boxd.it/2ahY
2025-12-09,Carrie,1976,https://boxd.it/20ZQ
2025-12-09,The Green Mile,1999,https://boxd.it/2agG
2025-12-09,Stand by Me,1986,https://boxd.it/2aOe
2025-12-09,Jacob's Ladder,1990,https://boxd.it/270g
2025-12-09,The Shining,1997,https://boxd.it/3AKk
2025-12-09,A.I. Artificial Intelligence,2001,https://boxd.it/29Ve
2025-12-09,Patch Adams,1998,https://boxd.it/1Wzk
2025-12-09,Jack,1996,https://boxd.it/21au
2025-12-09,Mrs. Doubtfire,1993,https://boxd.it/29Cw
2025-12-09,Jaws,1975,https://boxd.it/2a5e
2025-12-09,The Fabelmans,2022,https://boxd.it/ugoM
2025-12-09,Minority Report,2002,https://boxd.it/2aWi
2025-12-09,Amistad,1997,https://boxd.it/1SZ4
2025-12-09,Castello Cavalcanti,2013,https://boxd.it/6WlM
2025-12-09,The Life Aquatic with Steve Zissou,2004,https://boxd.it/2aqw
2025-12-09,Abe,2019,https://boxd.it/hq0u
2025-12-09,Breaking the Taboo,2011,https://boxd.it/2MzQ
2025-12-09,"Hey, Did You Score?",2012,https://boxd.it/3Uig
2025-12-09,"Pixinguinha, an Affectionate Man",2021,https://boxd.it/6JyS
2025-12-09,Isle of Flowers,1989,https://boxd.it/POU
2025-12-09,My Uncle Killed a Guy,2004,https://boxd.it/2GVw
2025-12-09,Carandiru,2003,https://boxd.it/209g
2025-12-09,The Man Who Challenged the Devil,2007,https://boxd.it/1FBy
2025-12-09,My Name Ain't Johnny,2008,https://boxd.it/1IMu
2025-12-09,Tusk,1980,https://boxd.it/35qe
2025-12-09,Santa Sangre,1989,https://boxd.it/1FrI
2025-12-09,Endless Poetry,2016,https://boxd.it/aANs
2025-12-09,The Dance of Reality,2013,https://boxd.it/4qFw
2025-12-09,La Grande Bouffe,1973,https://boxd.it/1X5q
2025-12-11,Un Chien Andalou,1929,https://boxd.it/29Y8
2025-12-18,The Odyssey,2026,https://boxd.it/QFQU
2025-12-18,Lolita,1962,https://boxd.it/29Ag
2025-12-18,Eyes Wide Shut,1999,https://boxd.it/2axs
2025-12-18,The Northman,2022,https://boxd.it/nK2s
2025-12-18,The Secret Agent,2025,https://boxd.it/KkUE
2025-12-18,Anora,2024,https://boxd.it/Egcw
2025-12-18,Before Sunrise,1995,https://boxd.it/2bcU
2025-12-18,Punch-Drunk Love,2002,https://boxd.it/20E4
2025-12-18,Grave of the Fireflies,1988,https://boxd.it/1RUM
2025-12-18,A Christmas Carol,2009,https://boxd.it/1HKW
2025-12-18,Welcome to Marwen,2018,https://boxd.it/bNBQ
2025-12-18,Beowulf,2007,https://boxd.it/26Xw
2025-12-21,Eraserhead,1977,https://boxd.it/299u
2025-12-21,The Elephant Man,1980,https://boxd.it/27LQ
2025-12-21,Lost Highway,1997,https://boxd.it/29Wc
2026-01-22,Vice,2018,https://boxd.it/fcFY
2026-01-22,Snatch,2000,https://boxd.it/2b7U
2026-02-21,On-Gaku: Our Sound,2019,https://boxd.it/ndze
2026-03-18,The Beekeeper,2024,https://boxd.it/wJzS
2026-03-18,The Messenger: The Story of Joan of Arc,1999,https://boxd.it/1XdE
2026-03-18,The Fifth Element,1997,https://boxd.it/71k
2026-03-18,Lady Vengeance,2005,https://boxd.it/248G
2026-03-18,Sympathy for Mr. Vengeance,2002,https://boxd.it/23WU
2026-03-18,The Book of Eli,2010,https://boxd.it/1Dnu
2026-03-18,Platoon,1986,https://boxd.it/29BS
2026-03-18,Being John Malkovich,1999,https://boxd.it/2ahu
2026-03-18,Fear and Loathing in Las Vegas,1998,https://boxd.it/27Xs
2026-03-18,Sleepy Hollow,1999,https://boxd.it/26u0
2026-03-18,City Island,2009,https://boxd.it/1qmy
2026-03-18,The Man from Elysian Fields,2001,https://boxd.it/1LES
2026-03-18,Things to Do in Denver When You're Dead,1995,https://boxd.it/2at6
2026-03-18,Sweeney Todd: The Demon Barber of Fleet Street,2007,https://boxd.it/1PcS
2026-03-18,Public Enemies,2009,https://boxd.it/1U8m
2026-03-18,Ed Wood,1994,https://boxd.it/2adM
2026-03-18,Into the Woods,2014,https://boxd.it/6DtW
2026-03-18,Twelve Monkeys,1995,https://boxd.it/2beQ
2026-03-18,Brazil,1985,https://boxd.it/2be2
2026-03-18,The Brothers Grimm,2005,https://boxd.it/24kW
2026-03-18,The Man Who Killed Don Quixote,2018,https://boxd.it/9rkY
2026-03-18,Tideland,2005,https://boxd.it/1Tyy
2026-03-18,Miss Peregrine's Home for Peculiar Children,2016,https://boxd.it/8KPu
2026-03-18,Mortdecai,2015,https://boxd.it/6ioc
2026-03-18,Training Day,2001,https://boxd.it/27A4
2026-03-18,American Gangster,2007,https://boxd.it/23wi
2026-03-18,House of Dark Shadows,1970,https://boxd.it/2pGk
2026-03-18,Pan's Labyrinth,2006,https://boxd.it/28No
2026-03-18,Crimson Peak,2015,https://boxd.it/62Ty
2026-03-18,The Devil's Backbone,2001,https://boxd.it/28Li
2026-03-18,The Shape of Water,2017,https://boxd.it/dZ5m
2026-03-18,Cronos,1992,https://boxd.it/1TjS
2026-03-19,The Two Popes,2019,https://boxd.it/k8Xk
2026-03-19,Maids,2001,https://boxd.it/208C
2026-03-19,Big,1988,https://boxd.it/271S
2026-03-19,A Beautiful Day in the Neighborhood,2019,https://boxd.it/i7vA
2026-03-19,Total Recall,1990,https://boxd.it/29qK
2026-03-19,Basic Instinct,1992,https://boxd.it/2asM
2026-03-19,Starship Troopers,1997,https://boxd.it/2a7k
2026-03-19,Hollow Man,2000,https://boxd.it/1YP0
2026-03-19,Hulk,2003,https://boxd.it/27PS
2026-03-19,Mary and Max,2009,https://boxd.it/1y2m
2026-03-19,The Killing of a Sacred Deer,2017,https://boxd.it/dZ5G
2026-04-10,House of Gucci,2021,https://boxd.it/nVkC
2026-04-10,On the Silver Globe,1988,https://boxd.it/1sAM
2026-04-10,Stalker,1979,https://boxd.it/28PO
2026-04-13,Youth,2015,https://boxd.it/9Y7S
2026-04-13,"Rio, I Love You",2014,https://boxd.it/6iOY
2026-04-18,Exit 8,2025,https://boxd.it/S9Kk
2026-04-18,Bugonia,2025,https://boxd.it/qeWY
2026-04-18,Heretic,2024,https://boxd.it/H1lY
2026-04-18,Brother,1997,https://boxd.it/1CA8
2026-04-18,Brother 2,2000,https://boxd.it/1CzY
2026-04-18,Bimmer,2003,https://boxd.it/bGm
2026-04-18,Sisters,2001,https://boxd.it/EOu
2026-04-18,Dead Man's Bluff,2005,https://boxd.it/1CzO
2026-04-18,The Major,2013,https://boxd.it/5MOC
2026-04-18,The Sound of Music,1965,https://boxd.it/1MLK
2026-04-18,The Insider,1999,https://boxd.it/1ZoE
2026-04-18,The Cabinet of Dr. Caligari,1920,https://boxd.it/2aOo
2026-04-18,Nekromantik,1988,https://boxd.it/1T0w
2026-04-18,The Death King,1990,https://boxd.it/1LCM
2026-04-18,German Angst,2015,https://boxd.it/7p3W
2026-04-18,The Holy Mountain,1973,https://boxd.it/20mu
2026-04-18,El Topo,1970,https://boxd.it/1QYS
2026-04-18,Possession,1981,https://boxd.it/1BPm
2026-04-18,The Fan,1982,https://boxd.it/3zkA
2026-04-18,Angst,1983,https://boxd.it/1G46
2026-04-18,Schramm,1993,https://boxd.it/130k
2026-04-18,Luz,2018,https://boxd.it/hY6G
2026-04-18,Begotten,1989,https://boxd.it/28Ie
2026-04-18,The Fall,2006,https://boxd.it/1NoM
2026-04-18,Delicatessen,1991,https://boxd.it/29lK
2026-04-18,Paprika,2006,https://boxd.it/23wW
